song_id,artist_name
1,Taylor Swift
2,Taylor Swift
3,Taylor Swift
4,The Rolling Stones
5,Queen
6,Adele
7,Justin Bieber
8,Madeon
9,Madeon
10,Madeon
11,Madeon
12,Madeon
13,Madeon
14,Madeon
15,Madeon
16,Madeon
17,Madeon
18,Madeon
19,Madeon
20,Madeon
21,Madeon
22,Madeon
23,Madeon
24,Madeon
25,Madeon
26,A$AP Rocky
27,A$AP Rocky
28,A$AP Rocky
29,A$AP Rocky
30,A$AP Rocky
31,A$AP Rocky
32,A$AP Rocky
33,A$AP Rocky
34,A$AP Rocky
35,A$AP Rocky
36,A$AP Rocky
37,A$AP Rocky
38,A$AP Rocky
39,A$AP Rocky
40,A$AP Rocky
41,A$AP Rocky
42,A$AP Rocky
43,A$AP Rocky
